{
    "response_code": 0,
    "results": [
        {
            "type": "multiple",
            "difficulty": "easy",
            "category": "Entertainment: Video Games",
            "question": "In the game &quot;Overwatch,&quot; what are the names of the two Australian criminals from the Junkers faction?",
            "correct_answer": "Junkrat and Roadhog",
            "incorrect_answers": [
                "Roadrat and Junkhog",
                "Ana and Pharah",
                "McCree and Deadeye"
            ]
        },
        {
            "type": "multiple",
            "difficulty": "medium",
            "category": "Entertainment: Video Games",
            "question": "When was the video game publisher &quot;Ubisoft&quot; founded ?",
            "correct_answer": "March 1986",
            "incorrect_answers": [
                "April 1990",
                "June 2001",
                "August 1956"
            ]
        },
        {
            "type": "multiple",
            "difficulty": "hard",
            "category": "Sports",
            "question": "What is the full name of the footballer &quot;Cristiano Ronaldo&quot;?",
            "correct_answer": "Cristiano Ronaldo dos Santos Aveiro",
            "incorrect_answers": [
                "Cristiano Ronaldo los Santos Diego",
                "Cristiano Armando Diego Ronaldo",
                "Cristiano Luis Armando Ronaldo"
            ]
        },
        {
            "type": "multiple",
            "difficulty": "medium",
            "category": "Entertainment: Film",
            "question": "Which one of these action movies are shot entirely in one take?",
            "correct_answer": "Victoria",
            "incorrect_answers": [
                "Ip Man 2",
                "The Bourne Legacy",
                "L&eacute;on: The Professional"
            ]
        },
        {
            "type": "multiple",
            "difficulty": "hard",
            "category": "History",
            "question": "During the Spanish Civil War (1936), Francisco Franco fought for which political faction?",
            "correct_answer": "Nationalist Spain",
            "incorrect_answers": [
                "Republican Spain",
                "Popular Front",
                "Papal State"
            ]
        },
        {
            "type": "multiple",
            "difficulty": "easy",
            "category": "Entertainment: Video Games",
            "question": "Which Greek letter represents the &quot;Half-Life&quot; logo?",
            "correct_answer": "Lambda",
            "incorrect_answers": [
                "Omega",
                "Alpha",
                "Sigma"
            ]
        },
        {
            "type": "multiple",
            "difficulty": "medium",
            "category": "Entertainment: Japanese Anime &amp; Manga",
            "question": "Which animation studio animated the 2016 anime &quot;Mob Psycho 100&quot;?",
            "correct_answer": "Bones",
            "incorrect_answers": [
                "A-1 Pictures",
                "Shaft",
                "Madhouse"
            ]
        },
        {
            "type": "boolean",
            "difficulty": "easy",
            "category": "Science: Computers",
            "question": "The Windows ME operating system was released in the year 2000.",
            "correct_answer": "True",
            "incorrect_answers": [
                "False"
            ]
        },
        {
            "type": "multiple",
            "difficulty": "hard",
            "category": "Entertainment: Television",
            "question": "In Star Trek, what is the name of Spock&#039;s father?",
            "correct_answer": "Sarek",
            "incorrect_answers": [
                "Tuvok",
                "T&#039;Pal",
                "Surak"
            ]
        },
        {
            "type": "boolean",
            "difficulty": "easy",
            "category": "Entertainment: Music",
            "question": "Michael Jackson wrote The Simpsons song &quot;Do the Bartman&quot;.",
            "correct_answer": "False",
            "incorrect_answers": [
                "True"
            ]
        }
    ]
}