{
    "response_code": 0,
    "results": [
        {
            "type": "multiple",
            "difficulty": "hard",
            "category": "Entertainment: Music",
            "question": "&quot;All the Boys&quot; by Panic! At the Disco was released as a bonus track on what album?",
            "correct_answer": "Too Weird To Live, Too Rare To Die!",
            "incorrect_answers": [
                "A Fever You Can&#039;t Sweat Out",
                "Death Of A Bachelor",
                "Vices &amp; Virtues"
            ]
        },
        {
            "type": "multiple",
            "difficulty": "easy",
            "category": "Entertainment: Video Games",
            "question": "Which of the following is not a faction in Tom Clancy&#039;s The Division?",
            "correct_answer": "CDC",
            "incorrect_answers": [
                "Cleaners",
                "Last Man Batallion",
                "Rikers"
            ]
        },
        {
            "type": "boolean",
            "difficulty": "easy",
            "category": "Animals",
            "question": "Rabbits can&#039;t vomit.",
            "correct_answer": "True",
            "incorrect_answers": [
                "False"
            ]
        },
        {
            "type": "multiple",
            "difficulty": "hard",
            "category": "Entertainment: Video Games",
            "question": "In the game Call of Duty, what is the last level where you play as an American soldier?",
            "correct_answer": "Festung Recogne",
            "incorrect_answers": [
                "Ste. Mere-Eglise (Day)",
                "Chateau",
                "Brecourt"
            ]
        },
        {
            "type": "multiple",
            "difficulty": "medium",
            "category": "Entertainment: Japanese Anime &amp; Manga",
            "question": "In the &quot;Re:Zero&quot; manga series, which of the following Sin Archbishops eats Rem&#039;s existence?",
            "correct_answer": "Ley Batenkaitos",
            "incorrect_answers": [
                "Roy Alphard",
                "Petelgeuse Romanee-Conti",
                "Louis Arneb"
            ]
        },
        {
            "type": "multiple",
            "difficulty": "medium",
            "category": "Entertainment: Video Games",
            "question": "What was the main currency in Club Penguin?",
            "correct_answer": "Coins",
            "incorrect_answers": [
                "Stamps",
                "Tickets",
                "Gems"
            ]
        },
        {
            "type": "boolean",
            "difficulty": "easy",
            "category": "Entertainment: Video Games",
            "question": "In &quot;Super Mario 3D World&quot;, the Double Cherry power-up originated from a developer accidentally making two characters controllable.",
            "correct_answer": "True",
            "incorrect_answers": [
                "False"
            ]
        },
        {
            "type": "multiple",
            "difficulty": "hard",
            "category": "Entertainment: Video Games",
            "question": "In which game did the character &quot;Mario&quot; make his first appearance?",
            "correct_answer": "Donkey Kong",
            "incorrect_answers": [
                "Super Mario Bros.",
                "Super Mario Land",
                "Mario Bros."
            ]
        },
        {
            "type": "multiple",
            "difficulty": "medium",
            "category": "Vehicles",
            "question": "Which supercar company is from Sweden?",
            "correct_answer": "Koenigsegg",
            "incorrect_answers": [
                "Bugatti",
                "Lamborghini",
                "McLaren"
            ]
        },
        {
            "type": "multiple",
            "difficulty": "hard",
            "category": "Science: Computers",
            "question": "What is the name given to layer 4 of the Open Systems Interconnection (ISO) model?",
            "correct_answer": "Transport",
            "incorrect_answers": [
                "Session",
                "Data link",
                "Network"
            ]
        }
    ]
}